{"alpha-AlH3": -129.07326191003247, "sbu": -3004.137360679543, "sbu+solv": -3004.1545827557075}