System,Electronic Energy (Eh),Energy per System (Eh/system)
1,-244.051746193649,-244.051746193649
2,-488.167046546594,-244.083523273297
3,-732.2594808622512,-244.0864936207504
4,-976.348135585152,-244.087033896288
5,-1220.442279799312,-244.08845595986242
6,-1464.53610575611,-244.08935095935166
7,-1708.641861998643,-244.0916945712347
8,-1952.744888902862,-244.09311111285774
